nr,Titel,Artiest,Jaar
1,Bohemian rhapsody,Queen,1975
2,Child in time,Deep Purple,1972
3,Stairway to heaven,Led Zeppelin,1972
4,Hotel California,Eagles,1977
5,Paradise by the dashboard light,Meat Loaf,1978
6,Hey Jude,Beatles,1968
7,Imagine,John Lennon,1971
8,Yesterday,Beatles,1965
9,Angie,Rolling Stones,1973
10,November rain,Guns 'n Roses,1992
11,Goodnight Saigon,Billy Joel,1983
12,The house of the rising sun,Animals,1964
13,Sunday bloody sunday,U2,1985
14,Riders on the storm,Doors,1971
15,Losing my religion,REM,1991
16,Sultans of swing,Dire Straits,1978
17,School,Supertramp,1975
18,A whiter shade of pale,Procol Harum,1967
19,Private investigations,Dire Straits,1982
20,Another brick in the wall,Pink Floyd,1979
21,Radar love,Golden Earring,1973
22,Brothers in arms,Dire Straits,1989
23,Who wants to live forever,Queen,1992
24,Halo of flies,Alice Cooper,1973
25,Nights in white satin,Moody Blues,1968
26,With or without you,U2,1987
27,Bridge over troubled water,Simon & Garfunkel,1970
28,Old and wise,Alan Parsons Project,1982
29,Whole lotta Rosie,AC/DC,1978
30,Dancing queen,ABBA,1976
31,Tears in heaven,Eric Clapton,1992
32,Het dorp,Wim Sonneveld,1974
33,The river,Bruce Springsteen,1981
34,Sympathy for the devil,Rolling Stones,1973
35,The rose,Bette Midler,1980
36,I put a spell on you,Creedence Clearwater Revival,1968
37,Let it be,Beatles,1970
38,Over de muur,Klein Orkest,1984
39,Music,John Miles,1976
40,Niet of nooit geweest,Acda & De Munnik,1999
41,Testament,Boudewijn de Groot,1966
42,The unforgettable fire,U2,1985
43,Summer of '69,Bryan Adams,1990
44,A forest,The Cure,1980
45,Wish you were here,Pink Floyd,1975
46,(I can’t get no) Satisfaction,Rolling Stones,1965
47,Pride,U2,1984
48,Paint it black,Rolling Stones,1966
49,Africa,Toto,1982
50,Shine on you crazy diamond,Pink Floyd,1975
51,Bright eyes,Art Garfunkel,1979
52,When the lady smiles,Golden Earring,1984
53,I'm not in love,10cc,1975
54,Good vibrations,Beach Boys,1966
55,Kayleigh,Marillion,1985
56,Hurricane,Bob Dylan,1976
57,Aan de kust,Bløf,1995
58,Jeanny,Falco,1986
59,Mr. Blue sky,Electric Light Orchestra,1978
60,The year of the cat,Al Stewart,1977
61,Dreadlock holiday,10cc,1978
62,Heroes,David Bowie,1977
63,No woman no cry,Bob Marley & the Wailers,1975
64,Where the streets have no name,U2,1987
65,Somebody to love,Queen,1976
66,A day in a life,Beatles,1967
67,Go your own way,Fleetwood Mac,1977
68,Take on me,A-HA,1985
69,(Everything I do) I do it for you,Bryan Adams,1991
70,Stil in mij,Van Dik Hout,1994
71,Sounds of silence,Simon & Garfunkel,1966
72,Troy,Sinead O'Connor,1987
73,The day before you came,ABBA,1982
74,Comfortably numb,Pink Floyd,1979
75,Space oddity,David Bowie,1969
76,Always,Bon Jovi,1994
77,Wuthering heights,Kate Bush,1978
78,Worn down piano,Mark & Clark Band,1977
79,New Years day,U2,1983
80,Candle in the wind,Elton John,1997
81,Liefs uit Londen,Bløf,1998
82,Love of my life,Queen,1975
83,Piano man,Billy Joel,1974
84,Sebastian,Cockney Rebel,1973
85,Lola,Kinks,1970
86,Papa,Stef Bos,1991
87,The final countdown,Europe,1986
88,Like a rollin' stone,Bob Dylan,1965
89,My heart will go on,Celine Dion,1998
90,Purple rain,Prince,1984
91,Window of my eyes,Cuby & the Blizzards,1968
92,The winner takes it all,ABBA,1980
93,Kronenburg Park,Frank Boeijen Groep,1985
94,Owner of a lonely heart,Yes,1983
95,Verdronken vlinder,Boudewijn de Groot,1970
96,More than a feeling,Boston,1977
97,Eloise,Barry Ryan,1968
98,Like a hurricane,Neil Young,1976
99,Light my fire,Doors,1967
100,Forever young,Alphaville,1984
101,Last resort,Eagles,1976
102,Celluloid heroes,Kinks,1973
103,If you leave me now,Chicago,1976
104,White rabbit,Jefferson Airplane,1967
105,Hey Joe,Jimi Hendrix Experience,1967
106,Vienna,Ultravox,1981
107,Mama,Genesis,1983
108,In nye dei,De Kast,1997
109,The end,Doors,1967
110,Smoke on the water,Deep Purple,1973
111,Jump,Van Halen,1984
112,Oude Maasweg,Amazing Stroopwafels,1982
113,Ruthless queen,Kayak,1979
114,Eagle,ABBA,1978
115,Nothing compares 2U,Sinead O'Connor,1990
116,Belfast child,Simple Minds,1989
117,God only knows,Beach Boys,1966
118,Twilight zone,Golden Earring,1982
119,Pastorale,Ramses Shaffy & Liesbeth List,1969
120,Whole lotta love,Led Zeppelin,1969
121,Avond,Boudewijn de Groot,1997
122,Denis,Blondie,1978
123,I want to break free,Queen,1984
124,School's out,Alice Cooper,1972
125,Walk on the wild side,Lou Reed,1973
126,"Welterusten, mijnheer de president",Boudewijn de Groot,1966
127,In the air tonight,Phil Collins,1981
128,We are the champions,Queen,1977
129,Zelfs je naam is mooi,Henk Westbroek,1998
130,All along the watchtower,Jimi Hendrix Experience,1968
131,Strawberry fields forever,Beatles,1967
132,Proud Mary,Ike & Tina Turner,1971
133,Total eclipse of the heart,Bonnie Tyler,1983
134,Barcelona,Freddie Mercury & Montserrat Caballé,1987
135,California dreamin',Mama's & Papa's,1966
136,How you gonna see me now,Alice Cooper,1979
137,Do they know it's Christmas,Band Aid,1984
138,Eternal flame,Bangles,1989
139,Last Christmas,Wham,1984
140,Suspicious minds,Elvis Presley,1969
141,Voor haar,Frans Halsema,1977
142,Easy living,Uriah Heep,1973
143,Nikita,Elton John,1985
144,Dancing in the dark,Bruce Springsteen,1984
145,Teach your children,Crosby Stills Nash & Young,1970
146,Killer queen,Queen,1974
147,Blowing in the wind,Bob Dylan,1963
148,In a gadda da vida,Iron Butterfly,1968
149,Oerend hard,Normaal,1977
150,Samba pa ti,Santana,1973
151,We will rock you,Queen,1994
152,Against all odds,Phil Collins,1984
153,Staying alive,Bee Gees,1978
154,The logical song,Supertramp,1979
155,Heart of gold,Neil Young,1972
156,Marguerita,Marco Borsato,1996
157,Woman in love,Barbra Streisand,1980
158,Born in the USA,Bruce Springsteen,1985
159,Days,Kinks,1968
160,Roll over lay down,Status Quo,1975
161,You ain't seen nothing yet,Bachman Turner Overdrive,1974
162,Don't give up,Kate Bush & Peter Gabriel,1986
163,In the ghetto,Elvis Presley,1969
164,Radio ga ga,Queen,1984
165,Maid of Orleans ,O.M.D.,1982
166,Every breath you take,Police,1983
167,Jimmy,Boudewijn de Groot,1973
168,Morning has broken,Cat Stevens,1972
169,Don't  you forget about me,Simple Minds,1985
170,Du,Peter Maffay,1971
171,'t Is een kwestie van geduld,Rowwen Heze,1996
172,Every time I think of you,Babys,1979
173,I was made for loving you,Kiss,1979
174,Gimme all your lovin’,ZZ Top,1984
175,White room,Cream,1968
176,Living on a prayer,Bon Jovi,1986
177,The load out/Stay,Jackson Browne,1977
178,Tubular bells,Mike Oldfield,1974
179,Ballroom blitz,Sweet,1973
180,Fantasy,Earth Wind & Fire,1978
181,Me and Bobby McGee,Janis Joplin,1971
182,Waterloo,ABBA,1974
183,Dust in the wind,Kansas,1978
184,Layla (unplugged),Eric Clapton,1992
185,Have you ever seen the rain,Creedence Clearwater Revival,1971
186,Roxanne,Police,1979
187,Thriller,Michael Jackson,1983
188,Down under,Men at Work,1982
189,Vivo per lei,Andrea Bocelli,1996
190,Fool on the hill,Beatles,1967
191,Like the way I do,Melissa Etheridge,1989
192,The sixteens,Sweet,1974
193,Als ze er niet is,De Dijk,1994
194,Fox on the run,Sweet,1975
195,Ne me quitte pas,Jacques Brel,1959
196,How deep is your love,Bee Gees,1977
197,Money,Pink Floyd,1973
198,One way wind,Cats,1971
199,Albatross,Fleetwood Mac,1969
200,I want you,Elvis Costello,1986
201,Thank you for the music,ABBA,1978
202,Vincent,Don McLean,1972
203,32 jaar (Sinds een dag of twee),Doe Maar,1981
204,Don't stop me now,Queen,1979
205,Graceland,Paul Simon,1986
206,Oh well part I,Fleetwood Mac,1969
207,Rivers of Babylon,Boney M,1978
208,Bad moon rising,Creedence Clearwater Revival,1969
209,Desperado,Eagles,1973
210,Born to run,Bruce Springsteen,1974
211,Nescio,Nits,1983
212,The boxer,Simon & Garfunkel,1969
213,Walk of life,Dire Straits,1985
214,Wonderful tonight,Eric Clapton,1988
215,Words,Bee Gees,1968
216,Brown eyed girl,Van Morrison,1967
217,Give a little bit,Supertramp,1977
218,L.A. Woman,Doors,1971
219,Daar gaat ze,Clouseau,1990
220,Don't dream it's over,Crowded House,1987
221,I wanna know what love is,Foreigner,1984
222,Knocking on heaven's door,Bob Dylan,1973
223,The wind cries Mary,Jimi Hendrix Experience,1967
224,De bom,Doe Maar,1982
225,Just a little bit of peace in my heart,Golden Earrings,1968
226,Locomotive breath,Jethro Tull,1972
227,Sloop John B,Beach Boys,1966
228,So long,Fischer Z,1980
229,Summertime,Brainbox,1969
230,Wereld zonder jou,Marco Borsato & Trijntje Oosterhuis,1997
231,Conquest of paradise,Vangelis,1995
232,Echoes,Pink Floyd,1971
233,Massachusetts,Bee Gees,1967
234,Non je ne regrette rien,Edith Piaf,1961
235,De waarheid,Marco Borsato,1996
236,Love is like oxygen,Sweet,1978
237,Lucky man,Emerson Lake & Palmer,1971
238,Mull of Kintyre,Wings,1977
239,Our house,Crosby Stills Nash & Young,1970
240,The best,Tina Turner,1989
241,The one I love,REM,1991
242,Vluchten kan niet meer,Jenny Arean & Frans Halsema,1977
243,"See me, feel me",Who,1970
244,Chiquitita,ABBA,1979
245,Horse with no name,America,1972
246,Roundabout,Yes,1972
247,Ik heb je lief,Paul de Leeuw,1997
248,I will follow,U2,1982
249,Fragile,Sting,1988
250,Runnin' with the devil,Van Halen,1980
251,She's not there,Santana,1978
252,American pie,Don McLean,1972
253,Another day in paradise,Phil Collins,1989
254,Give up your guns,Buoys,1972
255,Norwegian wood,Beatles,1965
256,Proud Mary,Creedence Clearwater Revival,1969
257,Still loving you,Scorpions,1987
258,Whiskey in the jar,Thin Lizzy,1973
259,Close to the edge,Yes,1972
260,Gloria,Them,1967
261,I heard it through the grapevine,Creedence Clearwater Revival,1973
262,Kiss from a rose,Seal,1994
263,Stop loving you,Toto,1988
264,Such a shame,Talk Talk,1984
265,Under pressure,David Bowie & Queen,1982
266,All I want is you,U2,1989
267,Hello,Lionel Richie,1984
268,Lady in red,Chris DeBurgh,1986
269,Mag het licht uit,De Dijk,1987
270,One of these days,Pink Floyd,1971
271,Question,Moody Blues,1970
272,Sollsbury hill,Peter Gabriel,1977
273,Think,Aretha Franklin,1968
274,Waarom nou jij,Marco Borsato,1994
275,Careless whisper,George Michael,1984
276,Moonlight shadow,Mike Oldfield & Maggie Reilly,1983
277,Mr. Tambourine man,Byrds,1965
278,Rain and tears,Aphrodite’s Child,1968
279,The whole of the moon,Waterboys,1986
280,An Englishman in New York,Sting,1988
281,Born to be wild,Steppenwolf,1968
282,Dodenrit,Drs. P,1974
283,Dromen zijn bedrog,Marco Borsato,1994
284,One of these nights,Eagles,1975
285,Go like Elijah,Chi Coltrane,1973
286,The Wall street shuffle,10cc,1974
287,With a little help from my friends,Joe Cocker,1968
288,99 Luftballons,Nena,1983
289,Blockbuster,Sweet,1973
290,Help,Beatles,1965
291,Through the barricades,Spandau Ballet,1986
292,Vriendschap,Goede Doel,1983
293,You can't always get what you want,Rolling Stones,1969
294,Belle Helene,Doe Maar,1982
295,Down man,Brainbox,1969
296,Eve of destruction,Barry McGuire,1965
297,Have I told you lately,Van Morrison,1989
298,I'm on fire,Bruce Springsteen,1985
299,Land of confusion,Genesis,1986
300,Make me smile,Steve Harley & Cockney Rebel,1975
301,Message in a bottle,Police,1979
302,Russians,Sting,1985
303,Tell him,Celine Dion & Barbra Streisand,1997
304,The man with the child in his eyes,Kate Bush,1978
305,Sailing,Rod Stewart,1975
306,Sara,Fleetwood Mac,1980
307,Hou me vast,Volumia,1998
308,She's always a woman,Billy Joel,1978
309,Theme from 'Harry's game',Clannad,1983
310,While my guitar gently weeps,Beatles,1968
311,Apple knockers flophouse,Cuby & the Blizzards,1969
312,Black Betty,Ram Jam,1978
313,Het land van Maas en Waal,Boudewijn de Groot,1966
314,Jumpin' Jack flash,Rolling Stones,1968
315,Never tear us apart,INXS,1988
316,Tom Traubert's Blues (Waltzing Mathilde),Tom Waits,1974
317,Alles geprobeerd,Goede Doel,1986
318,Lust for life,Iggy Pop,1977
319,Nothing rhymed,Gilbert O'Sullivan,1971
320,On the border,Al Stewart,1977
321,7 seconds,Youssou n'Dour & Neneh Cherry,1994
322,A kind of magic,Queen,1986
323,Eleanor Rigby,Beatles,1966
324,Follow me follow you,Genesis,1978
325,I am..... I said,Neil Diamond,1971
326,Is dit alles,Doe Maar,1982
327,Leningrad,Billy Joel,1989
328,Meester Prikkebeen,Boudewijn de Groot & Elly Nieman,1967
329,Michelle,Beatles,1966
330,Papa was a Rolling Stone,Temptations,1972
331,You,Ten Sharp,1991
332,All you need is love,Beatles,1967
333,Een meisje van 16,Boudewijn de Groot,1965
334,Weather with you,Crowded House,1992
335,Ruby tuesday,Rolling Stones,1967
336,The air that I breathe,Hollies,1974
337,Vous permettez monsieur,Adamo,1964
338,Hold the line,Toto,1979
339,Band on the run,Paul McCartney & Wings,1974
340,Dead end street,Kinks,1966
341,Like a prayer,Madonna,1989
342,Mandy,Barry Manilow,1974
343,Message to my girl,Split Enz,1984
344,Autobahn,Kraftwerk,1975
345,België,Goede Doel,1982
346,Blueberry Hill,Fats Domino,1957
347,Broken wings,Mr Mister,1986
348,Een beetje verliefd,Andre Hazes,1981
349,In a lifetime,Clannad & Bono,1986
350,Hocus pocus,Focus,1971
351,Is she really going out with him,Joe Jackson,1979
352,Jailhouse rock,Elvis Presley,1957
353,Night fever,Bee Gees,1978
354,Nightporter,Japan,1980
355,Private dancer,Tina Turner,1984
356,Real men,Joe Jackson,1982
357,"Take me home, country roads",John Denver,1971
358,The long and winding road,Beatles,1970
359,To make my life beautiful,Alex Harvey,1972
360,Vlieg met me mee,Paul de Leeuw,1992
361,Action,Sweet,1975
362,Don't cry for me Argentina,Julie Covington,1977
363,In the Dutch mountains,Nits,1987
364,Hunting high and low,A-HA,1986
365,I’m the walrus,Beatles,1967
366,Penny Lane,Beatles,1967
367,Sgt. Pepper's Lonely Hearts Club Band,Beatles,1967
368,Banger hart,Rob de Nijs,1996
369,Fernando,ABBA,1976
370,Gimme shelter,Rolling Stones,1969
371,Living doll,Cliff Richard & the Young Ones,1986
372,Love hurts,Nazareth,1974
373,Rendez-vous 6.02,UK,1979
374,She flies on strange wings,Golden Earring,1971
375,Someone,Axis,1972
376,Overture from Tommy,Who,1970
377,Unchained melody,Righteous Brothers,1965
378,Black magic woman,Santana,1970
379,Don't answer me,Alan Parsons Project,1984
380,Dreamer,Supertramp,1974
381,Get back,Beatles,1969
382,Happy New Year,ABBA,1980
383,Here comes the sun,Beatles,1969
384,Mon amour,BZN,1976
385,My generation,Who,1965
386,Zeg maar niets meer,Andre Hazes,1968
387,Beds are burning,Midnight Oil,1988
388,Binnen zonder kloppen,De Dijk,1985
389,Everybody needs somebody to love,Blues Brothers,1989
390,Golden brown,Stranglers,1982
391,Let love rule,Lenny Kravitz,1989
392,Love is a battlefield,Pat Benatar,1984
393,Need your love so bad,Fleetwood Mac,1968
394,Relax,Frankie goes to Hollywood,1984
395,Suzanne,Leonard Cohen,1968
396,Uncertain smile,The The,1984
397,Whatever you want,Status Quo,1979
398,You are so beautiful,Joe Cocker,1990
399,Your song,Elton John,1971
400,Annie's song,John Denver,1976
401,Baba O'Riley,Who,1971
402,Ben ik te min,Armand,1967
403,Eye of the tiger,Survivor,1982
404,Foto van vroeger,Rob de Nijs,1980
405,I will always love you,Whitney Houston,1993
406,Malle Babbe,Rob de Nijs,1975
407,"Non, non rien n'a changé",Poppys,1971
408,Storm and thunder,Earth & Fire,1971
409,The boys of summer,Don Henley,1985
410,The times they are a changing,Bob Dylan,1965
411,Waiting on a friend,Rolling Stones,1981
412,Beautiful noise,Neil Diamond,1976
413,Geen kind meer,Karin Bloemen,1996
414,Il volo,Zucchero,1996
415,In my life,Beatles,1965
416,It must have been love,Roxette,1990
417,Little green bag,George Baker Selection,1969
418,Mr. Pleasant,Kinks,1967
419,Saturday night,Herman Brood & his Wild Romance,1978
420,Smalltown boy,Bronski Beat,1984
421,Baker street,Gerry Rafferty,1978
422,Billie Jean,Michael Jackson,1983
423,Cambodia,Kim Wilde,1981
424,Have a little faith in me,John Hiatt,1989
425,Listen to the music,Doobie Brothers,1972
426,Old man,Neil Young,1972
427,Red red wine,UB 40,1983
428,Still got the blues,Gary Moore,1990
429,The life I live,Q65,1966
430,The power of love,Frankie goes to Hollywood,1984
431,Why,Annie Lennox,1992
432,Wonderful life,Black,1987
433,25 or 6 to 4,Chicago,1970
434,Beat it,Michael Jackson,1983
435,David's song,Kelly Family,1979
436,Het werd zomer,Rob de Nijs,1977
437,I don't like mondays,Boomtown Rats,1979
438,I say a little prayer,Aretha Franklin,1968
439,Jessica,Allman Brothers Band,1976
440,Layla,Derek & the Dominoes,1971
441,MacArthur Park,Richard Harris,1968
442,Mijn vlakke land,Jacques Brel,1965
443,Money for nothing,Dire Straits,1985
444,On the road again,Canned Heat,1968
445,Pinball wizard,Who,1969
446,Relight my fire,Dan Hartman,1980
447,Respect,Aretha Franklin,1967
448,Slippery people,Talking Heads,1985
449,My way,Frank Sinatra,1968
450,The dock of the bay,Otis Redding,1968
451,Fields of gold,Sting,1993
452,House for sale,Lucifer,1975
453,Sweet home Alabama,Lynyrd Skynyrd,1974
454,Quit playing games,Backstreet boys,1996
455,Roof garden,Al Jarreau,1982
456,She was naked,Supersister,1970
457,Sweet dreams,Eurythmics,1983
458,Tonight,David Bowie & Tina Turner,1984
459,Beast of burden,Bette Midler,1984
460,Bring it on home to me,Animals,1965
461,Calypso,John Denver,1975
462,Can't get it out of my head,Electric Light Orchestra,1975
463,Crazy little thing called love,Queen,1979
464,El condor pasa,Simon & Garfunkel,1970
465,Holding back the years,Simply Red,1985
466,Ik kan het niet alleen,De Dijk,1989
467,Musica e,Eros Ramazzotti,1989
468,Shout,Tears for Fears,1985
469,Suite: Judy blue eyes,Crosby Stills Nash & Young,1969
470,Tears in the morning,Beach Boys,1970
471,Terug naar de kust,Maggie MacNeal,1976
472,Tunnel of love,Dire Straits,1980
473,What a wonderful world,Louis Armstrong,1968
474,You're the one that I want,John Travolta & Olivia Newton-John,1978
475,Avalon,Roxy Music,1982
476,Back home,Golden Earring,1970
477,Big in Japan,Alphaville,1984
478,Dansen op de vulkaan,De Dijk,1987
479,Heaven,Bryan Adams,1985
480,It’s all over now,Rolling Stones,1964
481,Keep on loving you,REO Speedwagon,1981
482,Once upon a time in the west,Ennio Morricone,1976
483,River deep mountain high,Ike & Tina Turner,1966
484,Sledgehammer,Peter Gabriel,1986
485,Think twice,Celine Dion,1995
486,Big log,Robert Plant,1981
487,It's now or never,Elvis Presley,1960
488,Mister blue,René Klijn,1993
489,Peggy Sue,Buddy Holly,1957
490,Perhaps love,John Denver,1981
491,Poppa Joe,Sweet,1972
492,Rosanna,Toto,1982
493,Save a prayer,Duran Duran,1985
494,Spicks and specks,Bee Gees,1967
495,Baggy trousers,Madness,1980
496,Blauw,Scene,1991
497,Blue monday,New Order,1983
498,Do it again,Steely Dan,1972
499,I've seen all good people,Yes,1971
500,In the year 2525,Zager & Evans,1969
501,Tie your mother down,Queen,1977
502,Two out of three ain't bad,Meat Loaf,1977
503,You really got me,Kinks,1964
504,You'll never walk alone,Gerry & the Pacemakers,1963
505,You’re my best friend,Queen,1976
506,Alone,Heart,1987
507,Aquarius/ Let the sunshine in,5th Dimension,1969
508,Beautiful people,Melanie,1969
509,Down down,Status Quo,1975
510,Into temptation,Crowded House,1989
511,Long as I can see the light,Creedence Clearwater Revival,1970
512,Lord of the ages,Magna Carta,1973
513,Miss you nights,Cliff Richard,1976
514,More than words,Extreme,1991
515,See Emily play,Pink Floyd,1967
516,Rock around the clock,Bill Haley & The Comets,1956
517,Road to nowhere,Talking Heads,1985
518,Stiekem gedanst,Toontje Lager,1983
519,Telkens weer,Willeke Alberti,1975
520,Three times a lady,Commodores,1978
521,Venus,Shocking Blue,1969
522,Anne,Herman van Veen,1986
523,Blackbird,Beatles,1969
524,Drive,Cars,1984
525,Titles,Barclay James Harvest,1976
526,KL 204,Peter Koelewijn,1978
527,Lea,Cats,1968
528,Mijn gebed,DC Lewis,1970
529,Mrs. Robinson,Simon & Garfunkel,1968
530,It's a long way there,Little River Band,1976
531,Tombe la neige,Adamo,1964
532,Apache,Shadows,1960
533,Breakfast in America,Supertramp,1979
534,Coz' I luv you,Slade,1971
535,Don't bring me down,Electric Light Orchestra,1979
536,Donna,10cc,1973
537,Elected,Alice Cooper,1972
538,I just can't help believing,Elvis Presley,1972
539,If,Bread,1971
540,Isn't it time,Babys,1977
541,My boy,Elvis Presley,1975
542,Purple haze,Jimi Hendrix Experience,1967
543,Suicide is painless,MASH,1970
544,We belong to the night,Ellen Foley,1979
545,What it is,Mark Knopfler,2000
546,Who'll stop the rain,Creedence Clearwater Revival,1970
547,Working class hero,John Lennon,1971
548,Be my number two,Joe Jackson,1982
549,Black velvet,Alannah Myles,1989
550,Eight miles high,Byrds,1966
551,Heal the world,Michael Jackson,1992
552,In dreams,Roy Orbison,1963
553,When doves cry,Prince,1984
554,Love like blood,Killing Joke,1985
555,Mississippi,Pussycat,1975
556,Orinoco flow,Enya,1988
557,On the wings of a nightingale,Everly Brothers,1984
558,The free electric band,Albert Hammond,1973
559,Time in a bottle,Jim Croce,1972
560,Unchain my heart,Joe Cocker,1987
561,Love is all,Roger Glover & Guests,1975
562,1999,Prince,1982
563,Alive and kicking,Simple Minds,1985
564,China girl,David Bowie,1983
565,Close to you,Carpenters,1970
566,Don't stop,Fleetwood Mac,1977
567,Get ready,Rare Earth,1970
568,Guitar man,Bread,1972
569,Heaven must be missing an angel,Tavares,1976
570,How can we hang on to a dream,Tim Hardin,1967
571,Honky tonk women,Rolling Stones,1969
572,I want you to want me,Cheap Trick,1979
573,I will survive,Gloria Gaynor,1979
574,Kingston Town,UB 40,1990
575,Liefde van later,Herman van Veen,1969
576,Love is all around,Wet Wet Wet,1994
577,Money money money,ABBA,1976
578,Pa,Doe Maar,1983
579,Rhiannon,Fleetwood Mac,1976
580,Sadeness,Enigma,1990
581,Torn,Natalie Imbruglia,1997
582,You've got a friend,Carole King,1971
583,(Something inside) So strong,Labi Siffre,1987
584,"Zing, vecht, huil, bid, lach, werk en bewonder",Ramses Shaffy,1971
585,Atlantis,Donovan,1968
586,Carry on,Crosby Stills Nash & Young,1970
587,Dedicated follower of fashion,Kinks,1966
588,Fast car,Tracy Chapman,1988
589,Happy X-mas (war is over),John Lennon & Yoko Ono,1972
590,It's my life,Talk Talk,1984
591,Laat me,Ramses Shaffy,1978
592,Lady Jane,Rolling Stones,1966
593,Merry Christmas everybody,Slade,1973
594,Passie,Clouseau,1995
595,New kid in town,Eagles,1977
596,Oxygen,Jean Michel Jarre,1977
597,Miss you,Rolling Stones,1978
598,Ramona,Blue Diamonds,1960
599,Streets of London,Ralph McTell,1972
600,Sunny afternoon,Kinks,1966
601,You can call me Al,Paul Simon,1986
602,Zwart-wit,Frank Boeijen Groep,1984
603,Ben,Michael Jackson,1972
604,Complainte pour Ste. Catherine,Anna & Kate McGarrigle,1976
605,Dancin' fool,Frank Zappa,1979
606,Every little thing she does is magic,Police,1981
607,I have a dream,ABBA,1979
608,I started a joke,Bee Gees,1969
609,Ik ben blij dat ik je niet vergeten ben,Joost Nuissl,1975
610,Let's stick together,Bryan Ferry,1976
611,It's a sin,Pet Shop Boys,1987
612,Josephine,Chris Rea,1985
613,Little Willy,Sweet,1972
614,Live to tell,Madonna,1986
615,Lyin' eyes,Eagles,1975
616,Mamma mia,ABBA,1975
617,Moondance,Van Morrison,1970
618,Psychokiller,Talking Heads,1978
619,Somebody to love,Jefferson Airplane,1967
620,Stand by me,Ben E. King,1961
621,Take five,Dave Brubeck,1962
622,The reflex,Duran Duran,1984
623,This is not America,David Bowie,1985
624,The young ones,Cliff Richard,1962
625,Turn turn turn,Byrds,1965
626,Bicycle race,Queen,1978
627,Easy lover,Phil Collins & Philip Bailey,1985
628,Hijo de la luna,Mecano,1990
629,Hou van mij,Goede Doel,1983
630,I'd rather go blind,Chicken Shack,1969
631,La comparsa,ZZ & de Maskers,1964
632,La Isla Bonita,Madonna,1987
633,Lady d'Arbanville,Cat Stevens,1970
634,Lessons in love,Level 42,1986
635,Living doll,Cliff Richard,1959
636,Max,Paole Conte,1988
637,Room to move,John Mayall,1970
638,Love is the drug,Roxy Music,1976
639,Running op that hill,Kate Bush,1985
640,S.O.S.,ABBA,1975
641,San Francisco,Scott McKenzie,1967
642,Sylvia's mother,Dr. Hook & the Medicine Show,1972
643,Tainted love,Soft Cell,1981
644,The ballad of Lucy Jordan,Marianne Faithfull,1979
645,The promise you made,Cock Robin,1986
646,Wild places,Duncan Browne,1979
647,Brown sugar,Rolling Stones,1971
648,Come on Eileen,Dexy's Midnight Runners,1982
649,Crazy on you,Heart,1977
650,Driver’s seat,Sniff ‘n the Tears,1980
651,Absolute beginners,David Bowie,1986
652,Always on my mind,Elvis Presley,1997
653,Eve of the war,Jeff Wayne,1978
654,I just called to say I love you,Stevie Wonder,1984
655,I just can't get enough,Depeche Mode,1985
656,I'll find my way home,Jon & Vangelis,1982
657,Iedereen is van de wereld,Scene,1991
658,Love her madly,Doors,1971
659,Run to you,Bryan Adams,1985
660,Sign o'the times,Prince,1987
661,So lonely,Police,1979
662,You're the voice,John Farnham,1987
663,Some people,Cliff Richard,1987
664,"You're the first, the last, my everything",Barry White,1974
665,Song of the marching children,Earth & Fire,1971
666,Boulevard de la Madeleine,Moody Blues,1966
667,Cold as ice,Foreigner,1977
668,Gold,Spandau Ballet,1983
669,Guilty,Barbra Streisand,1980
670,Het is een nacht,Guus Meeuwis & Vagant,1995
671,Homburg,Procol Harum,1967
672,Immigrant song,Led Zeppelin,1971
673,"It's all over now, baby blue",Them,1966
674,Late again,Stealers Wheel,1973
675,Let your love flow,Bellamy Brothers,1976
676,Lonely boy,Andrew Gold,1977
677,One step beyond,Madness,1979
678,Pretty woman,Roy Orbison,1964
679,Come dancing,Kinks,1983
680,Don't look back,Boston,1978
681,Stay with me ‘till the morning,Vicki Brown & New London Chorale,1993
682,The last time,Rolling Stones,1965
683,This town ain't big enough for the both of us,Sparks,1974
684,YMCA,Village People,1978
685,You don't bring me flowers,Neil Diamond & Barbra Streisand,1978
686,A routine day,Klaatu,1979
687,Ain’t got no - I got life,Nina Simone,1968
688,Airport song,Magna Carta,1970
689,Starless,King Crimson,1974
690,Als je huilt/Bim bam,Andre van Duin,1989
691,Babe,Styx,1980
692,Close to me,The Cure,1985
693,Als de rook om je hoofd is verdwenen,Boudewijn de Groot,1968
694,Take a chance on me,ABBA,1977
695,Enola Gay,O.M.D.,1980
696,Eres tu,Mocedades,1973
697,Fly like an eagle,Steve Miller Band,1976
698,Hair,Zen,1969
699,Heartbreak hotel,Elvis Presley,1956
700,Honesty,Billy Joel,1979
701,I'm just a singer (in a rock and roll band),Moody Blues,1973
702,Ik doe wat ik doe,Astrid Nijgh,1973
703,MacArthur Park,Donna Summer,1978
704,Mercedes Benz,Janis Joplin,1971
705,Nights on Broadway,Bee Gees,1975
706,No regrets,Walker Brothers,1976
707,Bombay,Golden Earring,1976
708,Een wonderkind van 50,Boudewijn de Groot,1998
709,The power of love,Jennifer Rush,1985
710,Time after time,Cyndi Lauper,1984
711,We were all wounded at Wounded Knee,Redbone,1973
712,White Christmas,Bing Crosby,1942
713,Won't get fooled again,Who,1971
714,A  brand new day,Wiz Stars,1979
715,Against the wind,Bob Seger &  Silver Bullet Band,1980
716,At seventeen,Janis Ian,1974
717,Birmingham,Randy Newman,1974
718,Blinded by the light,Manfred Mann's Earth Band,1976
719,Blue hotel,Chris Isaak,1987
720,Starlight dancer,Kayak,1977
721,Sweet Caroline,Neil Diamond,1969
722,Don't go,Yazoo,1982
723,Fool to cry,Rolling Stones,1976
724,From the underworld,Herd,1967
725,Halt mich,Herbert Grönemeyer,1988
726,Ich bin wie du,Marianne Rosenberg,1976
727,It's raining men,Weather Girls,1983
728,Kids in America,Kim Wilde,1981
729,Lonely days,Bee Gees,1970
730,Orchard road,Leo Sayer,1983
731,Runaway,Del Shannon,1961
732,Sacramento,Middle of the Road,1972
733,Son of a preacher man,Dusty Springfield,1968
734,Take my breath away,Berlin,1986
735,Could you be loved,Bob Marley & the Wailers,1980
736,Don't let the sun go down on me,George Michael & Elton John,1991
737,Thank God I'm a country boy,John Denver,1971
738,The way it is,Bruce Hornsby & The Range,1986
739,Theme from 'Mahogany',Diana Ross,1976
740,There must be an angel,Eurythmics,1985
741,Time of my life,Bill Medley & Jennifer Warnes,1987
742,Twist in my sobriety,Tanita Tikaram,1988
743,"Yes sir, I can boogie",Baccara,1977
744,Ashes to ashes,David Bowie,1980
745,Bird of paradise,Snowy White,1984
746,Ma Baker,Boney M,1977
747,Never trust a stranger,Kim Wilde,1988
748,Do the strand,Roxy Music,1973
749,Free bird,Lynyrd Skynyrd,1973
750,Good year for the roses,Elvis Costello,1981
751,Hopelessly devoted to you,Olivia Newton-John,1978
752,Ik voel me zo verdomd alleen,Danny de Munk,1984
753,Knowing me knowing you,ABBA,1977
754,Laat me alleen,Rita Hovink,1977
755,Netherlands,Dan Fogelberg,1977
756,Little red rooster,Rolling Stones,1965
757,Looking out for nr. 1,Bachman Turner Overdrive,1975
758,Once in a lifetime,Talking Heads,1981
759,Let's spend the night together,Rolling Stones,1967
760,This strange effect,Dave Berry,1965
761,My way,Sid Vicious,1979
762,Rock & roll high school,Ramones,1980
763,Rockin' all over the world,Status Quo,1977
764,September,Earth Wind & Fire,1979
765,Sowing the seeds of love,Tears for Fears,1989
766,A good heart,Feargal Sharkey,1985
767,Summer nights,John Travolta & Olivia Newton-John,1978
768,Summertime blues,Blue Cheer,1968
769,The name of the game,ABBA,1977
770,Time is tight,Booker T & the MG's,1969
771,Don't wanna say goodbye,Raspberries,1972
772,Waterloo sunset,Kinks,1967
773,From a distance,Bette Midler,1991
774,We are the world,USA for Africa,1985
775,You're so vain,Carly Simon,1973
776,State of independence,Donna Summer,1982
777,All out of love,Air Supply,1980
778,Allright now,Free,1970
779,Another day,Buckshot Lefonque,1997
780,Back home,Cuby & the Blizzards,1966
781,Black night,Deep Purple,1970
782,Grand Hotel,Procol Harum,1973
783,Doris Day,Doe Maar,1982
784,Even aan mijn moeder vragen,Bloem,1980
785,Het kleine café,Vader Abraham,1976
786,Johnny B. Goode,Chuck Berry,1958
787,Love of the common people,Paul Young,1984
788,Memories,Earth & Fire,1972
789,We'll meet again,Vera Lynn,1941
790,Weekend,Earth & Fire,1979
791,Zondagmiddag Buitenveldert,Frans Halsema,1969
792,All cried out,Alison Moyet,1984
793,All of my heart,ABC,1982
794,Crazy horses,Osmonds,1972
795,Heart of glass,Blondie,1978
796,Jessie,Joshua Kadison,1994
797,Waterfront,Simple Minds,1983
798,Where have I been wrong,Cats,1970
799,I got you babe,UB 40 & Chrissie Hynde,1985
800,Little lies,Fleetwood Mac,1987
801,Pamela,Toto,1988
802,She's a rainbow,Rolling Stones,1967
803,Something,Beatles,1969
804,That 'ole devil called love,Alison Moyet,1985
805,TRUE,Spandau Ballet,1983
806,Unbeschreiblich weiblich,Nina Hagen,1979
807,Video killed the radio star,Buggles,1979
808,Why tell me why,Anita Meyer,1981
809,Yesterday once more,Carpenters,1973
810,Duel eye to eye,Propaganda,1985
811,Emma,Hot Chocolate,1974
812,You win again,Bee Gees,1987
813,A different corner,George Michael,1986
814,Amanda,Boston,1986
815,Anak,Freddie Aguilar,1980
816,Angel eyes,Wet Wet Wet,1988
817,Blasphemous rumours,Depeche Mode,1984
818,Brass in pocket,Pretenders,1980
819,Dandy,Kinks,1966
820,Davy's on the road again,Manfred Mann's Earth Band,1978
821,Follow me,Amanda Lear,1978
822,Food for thought,UB 40,1980
823,Master blaster,Stevie Wonder,1980
824,"Monday, monday",Mama's & Papa's,1966
825,Dynamite,Mud,1974
826,Giving it all away,Roger Daltrey,1973
827,Go now,Moody Blues,1965
828,Hey St. Peter,Flash & the Pan,1977
829,I wish,Stevie Wonder,1977
830,I won't let you down,PHD,1981
831,I'll have to say I love you in a song,Jim Croce,1975
832,"I'm Mandy, fly me",10cc,1975
833,If I could turn back time,Cher,1989
834,Sing our own song,UB 40,1986
835,Stop,Sam Brown,1988
836,Summer is over,Dusty Springfield,1964
837,Yellow submarine,Beatles,1966
838,A salty dog,Procol Harum,1969
839,Rikki don't loose that number,Steely Dan,1974
840,Sunshine of your love,Cream,1968
841,The legend of Xanadu,Dave Dee Dozy Beaky Mick & Tich,1968
842,The look of love,ABC,1982
843,Tip van de sluier,Boudewijn de Groot,1980
844,Uma casa portugesa,Amalia Rodriguez,1956
845,Vrede,Ruth Jacott,1993
846,Wild thing,Troggs,1966
847,Wonderful world,Sam Cooke,1960
848,Als de dag van toen,Reinhard Mey,1975
849,Après toi,Vicky Leandros,1972
850,Maggie Mae,Rod Stewart,1971
851,One of us,ABBA,1981
852,100 Years,Joey Dyser,1975
853,Don't leave me this way,Communards,1986
854,Eight days a week,Beatles,1965
855,For your love,Yardbirds,1965
856,Gin house blues,Amen Corner,1967
857,"He ain't heavy, he's my brother",Hollies,1969
858,I can hear music,Beach Boys,1969
859,I heard it through the grapevine,Marvin Gaye,1969
860,Kinderballade,Boudewijn de Groot,1977
861,Le freak,Chic,1978
862,Only you,Flying Picketts,1984
863,Please don't go,KC & the Sunshine Band,1979
864,Some kind of wonderful,Grand Funk Railroad,1975
865,Woman from Tokyo,Deep Purple,1972
866,You are,Dolly Parton,1983
867,Song for guy,Elton John,1979
868,The Jean Genie,David Bowie,1973
869,The joker,Steve Miller Band,1973
870,The sun always shines on tv,A-HA,1985
871,(Walk me out in the) Morning dew,Long John Baldry,1981
872,We don't talk anymore,Cliff Richard,1979
873,Wishfull thinking,China Crisis,1984
874,You got it,Roy Orbison,1989
875,A hard day's night,Beatles,1964
876,Back in the U.S.S.R.,Beatles,1968
877,Live is life,Opus,1985
878,Living next door to Alice,Smokie,1977
879,Boogie Wonderland,Earth Wind & Fire,1979
880,Cannonball,Supertramp,1985
881,Do you wanna dance,Cliff Richard,1962
882,Does your mother know,ABBA,1979
883,Een kopje koffie,VOF de Kunst,1987
884,I treni di tozeur,Alice & Battiato,1984
885,I've never been to me,Charlene,1982
886,Je loog tegen mij,Drukwerk,1981
887,Knock on wood,Amii Stewart,1979
888,Nightboat to Cairo,Madness,1980
889,Nutbush city limits,Ike & Tina Turner,1974
890,True colors,Cyndi Lauper,1986
891,Show me the way,Peter Frampton,1976
892,Unbreak my heart,Toni Braxton,1996
893,Sir Duke,Stevie Wonder,1977
894,So long Marianne,Leonard Cohen,1967
895,Song sung blue,Neil Diamond,1972
896,Sound of the screaming day,Golden Earrings,1967
897,Spinning wheel,"Blood, Sweat & Tears",1969
898,Superstition,Stevie Wonder,1973
899,The ballad of John and Yoko,Beatles,1969
900,The living years,Mike & the Mechanics,1989
901,Tous les garçons et les filles,Françoise Hardy,1963
902,Under my thumb,Rolling Stones,1966
903,We gotta get out of this place,Animals,1965
904,Winter in America,Doug Ashdown,1978
905,Guus,Alexander Curly,1975
906,Hello again,Neil Diamond,1981
907,Without you,Nilsson,1972
908,Woman,John Lennon,1981
909,Big big world,Emilia,1998
910,Black pearl,Margriet Eshuis Band,1982
911,Borderline,Madonna,1986
912,Ebony eyes,Everly Brothers,1961
913,Faith,George Michael,1987
914,Far far away,Slade,1974
915,Girl you'll be a woman soon,Neil Diamond,1971
916,Hilton Barcelona,Stef Bos,1994
917,I feel fine,Beatles,1965
918,I finally found someone,Barbra Streisand & Bryan Adams,1997
919,Nightshift,Commodores,1985
920,Only the lonely,Roy Orbison,1960
921,I'll be over you,Toto,1986
922,Itchycoo park,Small Faces,1967
923,Jealous guy,Roxy Music,1981
924,Kaap'ren vaaren,Fungus,1974
925,Kiss you all over,Exile,1978
926,Lady Madonna,Beatles,1968
927,Let's dance,David Bowie,1983
928,Matthew and son,Cat Stevens,1967
929,Play me,Neil Diamond,1972
930,Radio,Supersister,1972
931,Sexual healing,Marvin Gaye,1982
932,Spanish stroll,Mink Deville,1977
933,West End girls,Pet Shop Boys,1986
934,When I'm sixty four,Beatles,1967
935,Summer in the city,Lovin’ Spoonful,1966
936,The day that curly Billy shot down crazy Sam McGee,Hollies,1973
937,The sun ain't gonna shine anymore,Walker Brothers,1966
938,The weight,The Band,1968
939,Time is on my side,Rolling Stones,1964
940,Touch me,Doors,1968
941,Twist and shout,Beatles,1963
942,Volare,Al Martino,1976
943,You were my friend,Chi Coltrane,1973
944,You've lost that loving feeling,Righteous Brothers,1965
945,Annabel,Hans de Booy,1983
946,Breakfast,Associates,1984
947,Dance the night away,Mavericks,1998
948,Girls just want to have fun,Cyndi Lauper,1984
949,Hello Mary Lou,Ricky Nelson,1961
950,De glimlach van een kind,Willy Alberti,1968
951,Do you remember,Long Tall Ernie & the Shakers,1977
952,Eldorado,Electric Light Orchestra,1975
953,Everybody wants to rule the world,Tears for Fears,1985
954,Excerpt from A Teenage Opera,Keith West,1967
955,Fame,Irene Cara,1983
956,In dulci Jubilo,Mike Oldfield,1976
957,It's raining again,Supertramp,1982
958,It's the end,Buffoons,1968
959,Let it grow,Eric Clapton,1974
960,Rudy,Supertramp,1974
961,Like a virgin,Madonna,1984
962,Shangrila,Kinks,1969
963,Man of the world,Fleetwood Mac,1969
964,My back pages,Byrds,1969
965,Natural woman,Aretha Franklin,1967
966,Paloma blanca,George Baker Selection,1975
967,Right next door,Robert Cray Band,1987
968,"Ring, ring, I've got to sing",Ferre Grignard,1966
969,Start me up,Rolling Stones,1981
970,Sylvia,Focus,1972
971,That'll be the day,Buddy Holly,1957
972,The day I met Marie,Cliff Richard,1967
973,This is my life,Shirley Bassey,1979
974,Touch,Outsiders,1966
975,Daniel,Elton John,1973
976,Europe,Santana,1978
977,Undercover of the night,Rolling Stones,1983
978,Universal soldier,Donovan,1965
979,Weekend love,Golden Earring,1979
980,You don't have to say you love me,Dusty Springfield,1966
981,Beestjes,Ronnie & de Ronnies,1967
982,China in your hand,T'Pau,1987
983,Ferry 'cross the Mersey,Gerry & the Pacemakers,1964
984,Forever blue,Little River Band,1995
985,Hard to say I'm sorry,Chicago,1982
986,I saw her standing there,Beatles,1963
987,I scare myself,Thomas Dolby,1984
988,Late in the evening,Paul Simon,1980
989,Lido shuffle,Boz Scaggs,1977
990,I close my eyes (and count to ten),Dusty Springfield,1968
991,I’ve got dreams to remember,Otis Redding,1968
992,In the army now,Status Quo,1986
993,Jan Klaasen de trompetter,Rob de Nijs,1973
994,La bamba,Los Lobos,1987
995,La vie en rose,Grace Jones,1977
996,Mien,Robert Long,1974
997,Nah Neh Nah,Vaya Con Dios,1990
998,New York New York,Frank Sinatra,1983
999,"O, o, Den Haag",Harry Klorkestein,1982
1000,Papa don't preach,Madonna,1986
1001,Pied piper,Jets,1966
1002,Power to all our friends,Cliff Richard,1973
1003,Substitute,Clout,1978
1004,Substitute,Who,1966
1005,Sacrifice,Elton John,1990
1006,Seasons,Earth & Fire,1970
1007,September morn',Neil Diamond,1979
1008,Sound and vision,David Bowie,1977
1009,The alternative way,Anita Meyer,1976
1010,Ti sento,Matia Bazar,1986
1011,Ticket to ride,Beatles,1965
1012,Tigerfeet,Mud,1974
1013,Tin soldier,Small Faces,1968
1014,Un canto a Galicia,Julio Iglesias,1972
1015,Waiting for a girl like you,Foreigner,1982
1016,Can't buy me love,Beatles,1964
1017,Can't stay away from you,Gloria Estefan,1988
1018,Wake me up before you go go,Wham,1984
1019,You'll never walk alone,Lee Towers,1976
1020,Air,Ekseption,1969
1021,Alles kan een mens gelukkig maken,René Froger,1989
1022,Cracklin' Rosie,Neil Diamond,1970
1023,Daydream,Wallace Collection,1969
1024,Gimme some lovin',Spencer Davis Group,1966
1025,Had to fall in love,Moody Blues,1978
1026,Killing  me softly with his song,Roberta Flack,1973
1027,Helpless,Neil Young,1972
1028,Here there and everywhere,Beatles,1966
1029,I don't wanna die in an air disaster,Albert Hammond,1974
1030,Hello Josephine,Scorpions,1965
1031,Longfellow serenade,Neil Diamond,1974
1032,I feel love,Donna Summer,1977
1033,I'll be there,Mariah Carey,1992
1034,In the mood,Glenn Miller,1940
1035,Intimiteit,Kadanz,1984
1036,"Marmor, Stein und Eisen bricht",Drafi Deutscher,1965
1037,Me and mrs. Jones,Billy Paul,1973
1038,Meisjes met rode haren,Arne Jansen & Les Cigales,1972
1039,Never be clever,Herman Brood & his Wild Romance,1979
1040,No milk today,Herman's Hermits,1966
1041,One moment in time,Whitney Houston,1988
1042,Rhapsody in blue,George Gershwin,1924
1043,Smooth operator,Sade,1984
1044,We can work it out,Beatles,1965
1045,We love you,Rolling Stones,1967
1046,Sail along silvery moon,Billy Vaughn Orchestra,1958
1047,Stuck in the middle with you,Stealers Wheel,1973
1048,Summernight city,ABBA,1978
1049,The opera,Dizzy Man's Band,1975
1050,What's a matter baby,Ellen Foley,1979
1051,Where do you go to my lovely,Peter Sarstedt,1969
1052,Without your love,Roger Daltrey,1981
1053,Alles wat ademt,Rob de Nijs,1985
1054,As tears go by,Rolling Stones,1966
1055,Bye bye love,Everly Brothers,1957
1056,Can't take my eyes of you,Boy’s Town Gang,1982
1057,Cent mille chansons,Frida Boccara,1969
1058,Chequered love,Kim Wilde,1981
1059,Dreams,Fleetwood Mac,1977
1060,Get it on,T.Rex,1971
1061,Bachelor boy,Cliff Richard,1963
1062,De wilde boerendochter,Ivan Heylen,1974
1063,Diana,Paul Anka,1957
1064,Don't go breaking my heart,Elton John & Kiki Dee,1976
1065,Green Manalishi,Fleetwood Mac,1970
1066,I got a name,Jim Croce,1975
1067,I know him so well,Elaine Paige & Barbara Dickson,1985
1068,I lie and I cheat,Won Ton Ton,1988
1069,Kiss me quick,Elvis Presley,1963
1070,Lay down,Melanie & Edwin Hawkins Singers,1969
1071,Lovin' you,Minnie Ripperton,1975
1072,Margio,Rob Hoeke Rhythm & Blues Groep,1966
1073,Save the last dance for me,Drifters,1961
1074,Roll over Beethoven,Electric Light Orchestra,1973
1075,Sealed with a kiss,Bobby Vinton,1972
1076,I get around,Beach Boys,1964
1077,My friend the wind,Demis Roussos,1973
1078,My little town,Simon & Garfunkel,1975
1079,She,Charles Aznavour,1974
1080,Sorry seems to be the hardest word,Elton John,1976
1081,Summer holiday,Cliff Richard,1963
1082,Sure know something,Kiss,1979
1083,Time seller,Spencer Davis Group,1967
1084,To France,Mike Oldfield,1984
1085,Tumbling dice,Rolling Stones,1972
1086,24 rozen,Toon Hermans,1966
1087,A hole in my shoe,Traffic,1967
1088,Caravan of love,Housemartins,1987
1089,A real mother for ya,Johnny Guitar Watson,1977
1090,Come back and stay,Paul Young,1983
1091,Airport,Motors,1978
1092,Because the night,Patti Smith,1978
1093,Congratulations,Cliff Richard,1968
1094,Dancing with tears in my eyes,Ultravox,1984
1095,Darling be home soon,Lovin’ Spoonful,1967
1096,Disco inferno,Trammps,1977
1097,Everywhere,Fleetwood Mac,1988
1098,Fire,Pointer Sisters,1979
1099,Happy Jack,Who,1966
1100,Hey tonight,Creedence Clearwater Revival,1973
1101,High,Lighthouse Family,1998
1102,Honey,Bobby Goldsboro,1968
1103,I won't stand between them,Bonnie St. Claire,1970
1104,I'm a man,Chicago,1969
1105,Hit me with your rhythm stick,Ian Dury & the Blockheads,1978
1106,Home on a Monday,Little River Band,1977
1107,I'm every woman,Chaka Khan,1979
1108,I'm so excited,Pointer Sisters,1984
1109,It's not unusual,Tom Jones,1965
1110,Lazy sunday,Small Faces,1968
1111,Lili Marlene,Marlene Dietrich,1946
1112,Man without a heart,Hollies,1972
1113,Nathalie,Gilbert Becaud,1964
1114,Never let her slip away,Andrew Gold,1978
1115,New York mining disaster 1941,Bee Gees,1967
1116,Rock 'n roll,Cats,1974
1117,Rosalyn,Vitesse,1982
1118,Sex machine,James Brown,1970
1119,Pied piper,Crispian St Peters,1966
1120,Ring my bell,Anita Ward,1979
1121,Suzanne,VOF de Kunst,1983
1122,Tomorrow is another day,Buffoons,1967
1123,When a man loves a woman,Percy Sledge,1966
1124,When will I see you again,Three Degrees,1974
1125,When you are a king,White Plains,1971
1126,Will you,Hazel O'Conner,1981
1127,Windforce 11,Nadieh,1987
1128,You've got a friend,James Taylor,1971
1129,All night long,Lionel Richie,1983
1130,Buona sera,Louis Prima,1958
1131,Bus stop,Hollies,1966
1132,Conquistador,Procol Harum,1972
1133,Back for good,Take That,1995
1134,Don't let me be misunderstood,Santa Esmeralda,1977
1135,Great pretender,Platters,1957
1136,I got you babe,Sonny & Cher,1965
1137,I just don't know what to do with myself,Dusty Springfield,1964
1138,Intro (Rock and Roll Animal),Lou Reed,1974
1139,It's my life,Animals,1965
1140,Je t'aime moi non plus,Serge Gainsbourg & Jane Birkin,1969
1141,Karma Chameleon,Culture Club,1983
1142,Love is a stranger,Eurythmics,1983
1143,My baby just cares for me,Nina Simone,1987
1144,People are people,Depeche Mode,1984
1145,She loves you,Beatles,1963
1146,Spirit in the sky,Norman Greenbaum,1970
1147,Sugar baby love,Rubettes,1974
1148,'t Is weer voorbij die mooie zomer,Gerard Cox,1973
1149,The eyes of Jenny,Sandy Coast,1981
1150,The longest time,Billy Joel,1984
1151,Theme from 'Shaft',Isaac Hayes,1971
1152,Too much heaven,Bee Gees,1978
1153,What's a woman,Vaya Con Dios,1990
1154,When the going gets though,Billy Ocean,1986
1155,Wild boys,Duran Duran,1984
1156,All by myself,Eric Carmen,1976
1157,Wintertime,Kayak,1974
1158,World,Bee Gees,1967
1159,All I have to do is dream,Everly Brothers,1958
1160,And I love her,Beatles,1964
1161,Be my day,Cats,1974
1162,Can you feel it,Jacksons,1981
1163,Carrie,Europe,1987
1164,Da ya think I'm sexy,Rod Stewart,1978
1165,Dagen dat ik je vergeet,Kadanz,1989
1166,De oude school,Don Quishocking,1974
1167,Elephant song,Kamahl,1975
1168,Greased lightning,John Travolta,1978
1169,Hello goodbye,Beatles,1967
1170,Homeward bound,Simon & Garfunkel,1966
1171,House of the king,Focus,1971
1172,Huilen is voor jou te laat,Corry & de Rekels,1970
1173,I could easily fall in love,Cliff Richard,1960
1174,I've got you under my skin,Frank Sinatra,1966
1175,I am a rock,Simon & Garfunkel,1966
1176,Islands in the stream,Dolly Parton & Kenny Rogers,1983
1177,Keep on running,Spencer Davis Group,1966
1178,Kom van dat dak af,Peter & zijn Rockets,1960
1179,La poupée qui fait non,Michel Polnareff,1966
1180,Lucky lips,Cliff Richard,1963
1181,Magic forest,Fat Matress,1969
1182,Movie star,Harpo,1975
1183,My ever changing moods,Style Council,1984
1184,My special prayer,Percy Sledge,1969
1185,No more heroes,Stranglers,1978
1186,Reason to believe,Rod Stewart,1971
1187,Right here waiting,Richard Marx,1989
1188,Rock me Amadeus,Falco,1985
1189,Russian spy and I,Hunters,1966
1190,Sarah smiles,Bram Tchaikovski,1979
1191,Se bastasse una canzone,Eros Ramazzotti,1990
1192,Teardrops,Womack & Womack,1988
1193,That day,Golden Earrings,1966
1194,The letter,BoxTops,1967
1195,Up where we belong,Joe Cocker & Jennifer Warnes,1982
1196,Versailles,White Soxx,1981
1197,Walk like an Egyptian,Bangles,1987
1198,Wouldn't it be good,Nik Kershaw,1984
1199,Butterfly kisses,Bob Carlisle,1997
1200,You are my love,Liverpool Express,1976
1201,Alabama,Neil Young,1972
1202,All kinds of everything,Dana,1970
1203,Xanadu,Olivia Newton-John & E.L.O.,1980
1204,Copacabana,Barry Manilow,1978
1205,Crying,Don McLean,1980
1206,Ding a dong,Teach In,1975
1207,Feeling stronger every day,Chicago,1973
1208,Fooled around and fell in love,Elvin Bishop,1976
1209,Forever man,Eric Clapton,1985
1210,Great balls of fire,Jerry Lee Lewis,1957
1211,He'll have to go,Jim Reeves,1960
1212,How'bout us,Champaign,1981
1213,I just died in your arms tonight,Cutting Crew,1975
1214,I like Chopin,Gazebo,1983
1215,I think I love you,Partridge Family,1970
1216,I will return,Springwater,1971
1217,I'll never drink again,Alexander Curly,1972
1218,Love letters in the sand,Pat Boone,1957
1219,Magical mystery tour,Beatles,1967
1220,Only lies,Greenfield & Cook,1971
1221,Only love,Nana Mouskouri,1985
1222,Only you,Platters,1955
1223,Promise me,Beverly Craven,1990
1224,Shout,Trammps,1975
1225,Spanish Harlem,Aretha Franklin,1971
1226,Stay with me,Faces,1972
1227,The look,Roxette,1989
1228,Then I kissed her,Beach Boys,1967
1229,Till the end of the day,Kinks,1965
1230,Too shy,Kajagoogoo,1983
1231,W.O.L.D (the morning dj),Harry Chapin,1974
1232,View to a kill,Duran Duran,1985
1233,What's another year,Johnny Logan,1980
1234,Wheels,Billy Vaughn Orchestra,1961
1235,While you see a chance,Steve Winwood,1981
1236,Wonderful land,Shadows,1962
1237,Wordy rappinghood,Tom Tom Club,1981
1238,You spin me round,Dead or Alive,1985
1239,You've got your troubles,Fortunes,1965
1240,A thing called love,Johnny Cash,1972
1241,Abracadabra,Steve Miller Band,1982
1242,All around my hat,Steeleye Span,1976
1243,All or nothing,Small Faces,1966
1244,Arms of Mary,Sutherland Brothers & Quiver,1971
1245,Babooshka,Kate Bush,1980
1246,Can you feel the love tonight,Elton John,1995
1247,Cathy's clown,Everly Brothers,1960
1248,Daydream believer,Monkees,1967
1249,Death of a clown,Dave Davies,1967
1250,Don't you want me,Human League,1982
1251,Embarrasment,Madness,1981
1252,Everybody's somebody's fool,Conny Francis,1960
1253,Fame,David Bowie,1975
1254,"Father of day, father of night",Manfred Mann's Earth Band,1974
1255,Feels like heaven,Fiction Factory,1984
1256,French song,Lucille Starr,1965
1257,Gigi l'amoroso,Dalida,1974
1258,Glad all over,Dave Clark Five,1964
1259,Golden years,David Bowie,1976
1260,Guitar king,Hank the Knife & the Jets,1975
1261,Holiday,Bee Gees,1967
1262,Harbor light,Windjammer,1977
1263,I wanna dance with somebody,Whitney Houston,1987
1264,I've been loving you too long,Otis Redding,1965
1265,If I can't have you,Yvonne Elliman,1978
1266,If I had words,Scott Fitzgerald & Yvonne Keely,1977
1267,If there's something,Roxy Music,1972
1268,If you could read my mind,Gordon Lightfoot,1971
1269,Ik heb geen zin om op te staan,Het,1965
1270,In het donker,Kadanz,1983
1271,It's over,Roy Orbison,1964
1272,Jambalaya,Carpenters,1974
1273,Kodachrome,Paul Simon,1973
1274,Le printemps,Michel Fugain,1977
1275,Manuela,Jacques Herb,1971
1276,Long train running,Doobie Brothers,1973
1277,Maria Magdalena,Sandra,1985
1278,Matrimony,Gilbert O'Sullivan,1972
1279,Mozart Symphony no. 40,Orchestra Waldo de los Rios,1971
1280,No reply,Beatles,1964
1281,Only a fool,Mighty Sparrow & Byron Lee,1977
1282,Opzij,Herman van Veen,1979
1283,Oye como va,Santana,1971
1284,Patsy,Rein de Vries,1965
1285,Popmuzik,M,1979
1286,Reelin’ in the years,Steely Dan,1973
1287,Ritme van de regen,Rob de Nijs,1963
1288,Rocky,Don Mercedes,1976
1289,Sammy,Ramses Shaffy,1966
1290,She goes nana,Radio's,1993
1291,Skandal im Sperrbezirk,Spider Murphy Gang,1982
1292,Stars on 45,Stars on 45,1981
1293,Sunny,Boney M,1977
1294,Tell me,Rolling Stones,1965
1295,The night they drove ol' dixie down,Joan Baez,1971
1296,Three steps to heaven,Eddie Cochran,1960
1297,Took a long time,Magna Carta,1976
1298,Turn to stone,Electric Light Orchestra,1977
1299,Twee motten,Dorus,1957
1300,Walking on sunshine,Katrina & the Waves,1985
1301,We built this city,Starship,1985
1302,What's love got to do with it,Tina Turner,1984
1303,When you're gone,Maggie MacNeal,1975
1304,Why,Bronski Beat,1990
1305,You're the devil in disguise,Elvis Presley,1963
1306,2000 Miles,Pretenders,1983
1307,Along comes Mary,Assocation,1966
1308,American woman,Guess Who,1970
1309,Are you sure,Allisons,1961
1310,Bad,Michael Jackson,1987
1311,Cecilia,Simon & Garfunkel,1966
1312,Celebration,Kool & the Gang,1980
1313,Conga,Miami Sound Machine,1986
1314,Dancing on the ceiling,Lionel Richie,1986
1315,Do you really want to hurt me,Culture Club,1982
1316,"Don't call us, we call you",Sugarloaf,1975
1317,Drinkin' on my bed,Rob Hoeke Rhythm & Blues Groep,1968
1318,Garden party,Mezzoforte,1983
1319,Girl,Beatles,1965
1320,Girl I'm gonna miss you,Milli Vanilli,1989
1321,Greatest love of all,Whitney Houston,1986
1322,Hello hooray,Alice Cooper,1973
1323,Holiday,Madonna,1984
1324,I can help,Billy Swan,1974
1325,I don't believe in if anymore,Roger Whittaker,1970
1326,I saw her again,Mama's & Papa's,1966
1327,I shot the sheriff,Eric Clapton,1974
1328,I want to hold your hand,Beatles,1963
1329,If you can't give me love,Suzi Quatro,1978
1330,Into the groove,Madonna,1985
1331,It's only rock 'n roll,Rolling Stones,1974
1332,Keeping the dream alive,Freiheit,1989
1333,Kyrie,Mr Mister,1986
1334,Let's twist again,Chubby Checker,1962
1335,Little girl,Syndicate of Sound,1966
1336,Little man,Sonny & Cher,1966
1337,Marrakesh express,Crosby Stills & Nash,1969
1338,Mexico,Les Humphries Singers,1972
1339,Milord,Edith Piaf,1960
1340,Moody blue,Elvis Presley,1974
1341,Morning side,Neil Diamond,1975
1342,Na na na,Shoes,1967
1343,Nineteen,Paul Hardcastle,1985
1344,Now,Dave Berry,1965
1345,On the beach,Chris Rea,1986
1346,On my radio,Selecter,1980
1347,One night in Bangkok,Murray Head,1985
1348,People gotta move,Gino Vannelli,1974
1349,Popcorn,Popcorn Makers,1972
1350,Powerful people,Gino Vannelli,1974
1351,Reach out I'll be there,Four Tops,1966
1352,Sailor,Sailor,1975
1353,Surrender,Jon Anderson,1982
1354,The show,Dizzy Man's Band,1973
1355,Theme from 'Deer Hunter',Shadows,1979
1356,What I like about you,Romantics,1980
1357,Wooly bully,Sam the Sham & the Pharaoh's,1965
1358,12.3,Mama's & Papa's,1967
1359,24 hours from Tulsa,Gene Pitney,1964
1360,Afternoon delight,Starland Vocal Band,1976
1361,All day and all of the night,Kinks,1964
1362,All my loving,Beatles,1964
1363,Baby love,Supremes,1964
1364,Can't stand losing you,Police,1979
1365,Cherish,Kool & the Gang,1985
1366,Chicago,Graham Nash,1971
1367,Claudette,Everly Brothers,1958
1368,Come back my love,Darts,1978
1369,Daddy cool,Boney M,1976
1370,Dance away,Roxy Music,1979
1371,Danse de Zorba,Trio Hellenique,1965
1372,Delilah,Tom Jones,1968
1373,Dit is een lied alleen voor kinderen,Dimitri van Toren,1973
1374,Every time you go away,Paul Young,1985
1375,Fraction too much friction,Tim Finn,1984
1376,Happy together,Turtles,1967
1377,Hi Hi Hi,Wings,1972
1378,Hold me now,Johnny Logan,1987
1379,Hot love,T.Rex,1971
1380,Hot shot,Karen Young,1978
1381,I've got the music in me,Kiki Dee,1974
1382,In the summertime,Mungo Jerry,1970
1383,Instant Karma,John Lennon & Plastic Ono Band,1970
1384,It'll be me,Cliff Richard,1962
1385,It's a man’s man’s world,James Brown,1966
1386,Long tall Sally,Little Richard,1956
1387,Love me do,Beatles,1962
1388,Ma quale idea,Pino d'Angio,1989
1389,Mas que nada,Sergios Mendes & Brazil '66,1966
1390,Mighty Quinn,Manfred Mann,1968
1391,Mother and child reunion,Paul Simon,1972
1392,My lady of Spain,Classics,1972
1393,Never marry a railroadman,Shocking Blue,1970
1394,One day I'll fly away,Randy Crawford,1980
1395,Push it,Salt n' Peppa,1988
1396,Quiereme mucho,Julio Iglesias,1979
1397,Spooky's day off,Swinging Soul Machine,1969
1398,Summer is here,Outsiders,1967
1399,Temptation,Heaven 17,1983
1400,That's the way (I like it),KC & the Sunshine Band,1975
1401,The riddle,Nik Kershaw,1984
1402,Time waits for no one,Rolling Stones,1974
1403,True love that's a wonder,Sandy Coast,1971
1404,Unforgettable,Nat King Cole,1951
1405,Walking in Memphis,Marc Cohn,1991
1406,Wasted words,Motions,1965
1407,Well allright,Blind Faith,1969
1408,When the rain begins to fall,Jermaine Jackson & Pia Zadora,1984
1409,Why did you do it,Stretch,1976
1410,Wouldn't it be nice,Beach Boys,1966
1411,You and me,Spargo,1980
1412,Zwei kleine Italiener,Connie Froboess,1962
1413,Afrikaan beat,Bert Kaempfert,1962
1414,All the roses,Dolly Dots,1982
1415,Alone again (naturally),Gilbert O'Sullivan,1972
1416,Baby I love you,Andy Kim,1969
1417,Bend me shape me,American Breed,1968
1418,Birds and bees,Warm Sounds,1967
1419,Blue monday,Fats Domino,1955
1420,Buddy Joe,Golden Earring,1972
1421,Can't get enough of your love babe,Barry White,1974
1422,Centerfold,J Geils Band,1982
1423,Change,Tears for Fears,1983
1424,Comment ça va,Shorts,1983
1425,Crazy for you,Madonna,1985
1426,Dance little sister,Terence Trent D'Arby,1987
1427,Day tripper,Beatles,1965
1428,Dolce vita,Ryan Paris,1983
1429,Don't it make my brown eyes blue,Crystal Gayle,1977
1430,Don't talk to him,Cliff Richard,1963
1431,Down by the lazy river,Osmonds,1973
1432,Egyptian reggae,Jonathan Richman & the Modern Lovers,1977
1433,Friday on my mind,Easybeats,1966
1434,"Girls, girls, girls",Sailor,1975
1435,Hé kom aan,Dimitri van Toren,1973
1436,Heroes and villains,Beach Boys,1967
1437,I see the rain,Marmalade,1967
1438,How come how long,Stevie Wonder & Babyface,1997
1439,Hollywood seven,Alides Hidding,1980
1440,I'll be your baby tonight,Bob Dylan,1967
1441,I'm your boogie man,KC & the Sunshine Band,1977
1442,If paradise is half as nice,Amen Corner,1969
1443,J'aime la vie,Sandra Kim,1986
1444,Just the way you are,Billy Joel,1978
1445,Lady of the morning,"Marvin, Welch & Farrar",1971
1446,Lambada,Kaoma,1989
1447,Lay love on you,Luisa Fernandez,1978
1448,Lay your love on me,Racey,1979
1449,Love games,Level 42,1981
1450,Maneater,Hall & Oates,1982
1451,More than this,Roxy Music,1982
1452,My sweet Lord,George Harrison,1970
1453,On my own,Patti Labelle & Michael McDonald,1986
1454,Open your heart,Madonna,1986
1455,Pearl's a singer,Elkie Brooks,1977
1456,Photograph,Ringo Starr,1973
1457,Piece of the rock,Mother’s Finest,1978
1458,"Poupée de cire, poupée de son",France Gall,1965
1459,Pour moi la vie va commencer,Johnny Halliday,1963
1460,Power of love,Huey Lewis & the News,1985
1461,Pretend,Alvin Stardust,1981
1462,Raindrops keep falling on my head,BJ Thomas,1970
1463,Real cool world,Greatest Show on Earth,1970
1464,Reflections of my life,Marmalade,1970
1465,Ride my see-saw,Moody Blues,1968
1466,Rock your baby,George McCrae,1974
1467,Roll over Beethoven,Chuck Berry,1956
1468,Sailing home,Piet Veerman,1987
1469,Samen een straatje om,Rudi Carrell,1976
1470,San Franciscan nights,Eric Burdon & The Animals,1967
1471,Showdown,Electric Light Orchestra,1974
1472,Sitting on a fence,Twice as Much,1966
1473,Sympathy,Steve Rowland & Family Dogg,1970
1474,The man who sold the world,Lulu & David Bowie,1974
1475,The tide is high,Blondie,1980
1476,To my fathers house,Les Humphries Singers,1970
1477,Verdammt ich lieb' dich,Matthias Reim,1990
1478,"You're my heart, you're my soul",Modern Talking,1985
1479,Anything for you,Gloria Estefan & Miami Sound Machine,1989
1480,All I wanna do,Sheryl Crow,1994
1481,As long as you follow,Fleetwood Mac,1988
1482,Back on the chain gang,Pretenders,1982
1483,Brick house,Commodores,1984
1484,Burning heart,Survivor,1986
1485,Clair,Gilbert O'Sullivan,1972
1486,De troubadour,Lenny Kuhr,1969
1487,Don't look back,Peter Tosh & Mick Jagger,1979
1488,Ebony and ivory,Paul McCartney & Stevie Wonder,1982
1489,Everybody's talking,Nilsson,1969
1490,Frank Mills,Bojoura,1969
1491,Fred Astaire,Mo,1981
1492,Hallelujah,Milk & Honey,1979
1493,Good luck charm,Elvis Presley,1962
1494,Gute Nacht Freunde,Reinhard Mey,1974
1495,Funkin' for Jamaica,Tom Browne,1981
1496,Heartbreaker,Dionne Warwick,1982
1497,Holy holy life,Golden Earring,1971
1498,Hot stuff,Rolling Stones,1976
1499,I've been thinking about you,London Beat,1990
1500,Iedereen doet 't,Robert Long,1986
1501,Just when I needed you most,Randy Vanwarmer,1979
1502,La ballade des gens heureux,Gerard Lenorman,1976
1503,Land van Maas en Waal,Boudewijn de Groot,1969
1504,Liefdesliedjes,Jazzpolitie,1993
1505,Little sister,Elvis Presley,1961
1506,Live and let die,Paul McCartney & Wings,1973
1507,Livin' thing,Electric Light Orchestra,1976
1508,Love me please love me,Michel Polnareff,1966
1509,Long tall glasses,Leo Sayer,1974
1510,Man of action,Les Reed Orchestra,1970
1511,Mendocino,Sir Douglas Quintet,1969
1512,Miss Wonderful,Wally Tax,1974
1513,Mother,John Lennon,1971
1514,Mr. Bojangles,Nitty Gritty Dirt Band,1971
1515,Needles and pins,Searchers,1964
1516,Needles and pins,Smokie,1977
1517,Paperback writer,Beatles,1966
1518,Play that funky music,Wild Cherry,1976
1519,Play with fire,Rolling Stones,1965
1520,Poison arrow,ABC,1982
1521,Promised you a miracle,Simple Minds,1982
1522,Summer nights,Marianne Faithfull,1965
1523,Sign your name,Terence Trent D'Arby,1988
1524,Soldiers who want to be heroes,Rod McKuen,1971
1525,Stand by your man,Tammy Wynette,1975
1526,Running in the family,Level 42,1987
1527,Summertime,Billy Stewart,1966
1528,Take it or leave it,Searchers,1966
1529,The hostage,Donna Summer,1974
1530,The wanderer,Status Quo,1984
1531,Torn between two lovers,Mary MacGregor,1977
1532,Venus,Bananarama,1986
1533,Waterfall,Triumvirat,1979
1534,When I fall in love,Nat King Cole,1957
1535,Wherever I lay my hat,Paul Young,1983
1536,Wind en zeilen,Splitsing,1986
1537,Words,F.R. David,1982
1538,Zondag,Rob de Nijs,1980
1539,All at once,Whitney Houston,1985
1540,All the love in the world,Consortium,1969
1541,An Englishman in New York,Godley & Creme,1980
1542,Another day,Paul McCartney,1971
1543,Baby Jane,Rod Stewart,1983
1544,Because I love,Majority One,1971
1545,Black is black,Los Bravos,1966
1546,Blanket on the ground,Billy Jo Spears,1975
1547,Born to be alive,Patrick Hernandez,1979
1548,China groove,Doobie Brothers,1973
1549,Don't stop 'til you get enough,Michael Jackson,1979
1550,Dong dong diki digi dong,Golden Earrings,1968
1551,Down town,Petula Clark,1964
1552,Get here,Oleta Adams,1990
1553,Guitar tango,Shadows,1962
1554,Have I the right,Honeycombs,1964
1555,Hazy shade of winter,Bangles,1987
1556,Help me Rhonda,Beach Boys,1965
1557,If you go,Barry & Eileen,1975
1558,Ik zou wel eens willen weten...,Jules de Corte,1955
1559,Il est cinq heures Paris s’éveille,Jacques Dutronc,1968
1560,Island in the sun,Harry Belafonte,1957
1561,Je wordt ouder pappa,Peter Koelewijn,1977
1562,Kiss and say goodbye,Manhattans,1976
1563,Lady of the dawn,Mike Batt,1979
1564,Little children,Billy J. Kramer & the Dakotas,1964
1565,Look through any window,Hollies,1965
1566,Lost in music,Sister Sledge,1979
1567,Ma belle amie,Tee Set,1969
1568,Me and you and a dog named Boo,Lobo,1971
1569,Missing you,John Waite,1984
1570,Mr. Spaceman,Byrds,1966
1571,Music to watch girls by,Andy Williams,1967
1572,New York state of mind,Billy Joel,1976
1573,Nothing's gonna stop us now,Starship,1987
1574,Oh Lori,Alessi Brothers,1977
1575,Personality,Lloyd Price,1959
1576,Radio Africa,Latin Quarter,1985
1577,Silence is golden,Tremeloes,1967
1578,Sugar me,Lynsey de Paul,1972
1579,Swimming into deep water,Don Rosenbaum,1972
1580,The last seven days,Unit Gloria,1969
1581,The pretender,Jackson Browne,1976
1582,Wake up little Susie,Everly Brothers,1958
1583,Whenever I call you friend,Kenny Loggins & Stevie Nicks,1978
1584,Would I lie to you,Charles & Eddie,1992
1585,You're a friend of mine,Clarence Clemons & Jackson Browne,1986
1586,Anyone who had a heart,Dionne Warwick,1964
1587,Be my baby,Ronettes,1963
1588,Big City,Tol Hansse,1978
1589,Blackberry way,Move,1968
1590,Carwash,Rose Royce,1977
1591,Colours,Donovan,1965
1592,Could it be magic,Donna Summer,1976
1593,Days of Pearly Spencer,David McWilliams,1967
1594,Do you love me,Sharif Dean,1973
1595,Don't bring me down,Pretty Things,1964
1596,Don't leave me this way,Thelma Houston,1977
1597,Dream a little dream,Mama Cass,1968
1598,Ein bisschen Frieden,Nicole,1982
1599,Feels like the first time,Foreigner,1977
1600,Funky town,Lipps Inc,1980
1601,Get down tonight,KC & the Sunshine Band,1975
1602,Gimme hope Joanna,Eddy Grant,1988
1603,Give peace a chance,John Lennon & Plastic Ono Band,1969
1604,Hard to handle,Otis Redding,1968
1605,Hi ho silver lining,Jeff Beck,1967
1606,How does it feel,Slade,1975
1607,I love rock ' n roll,Joan Jett & the Blackhearts,1982
1608,I save the day,Roberto Jacketti & the Scooters,1984
1609,I should have known better,Jim Diamond,1984
1610,I'm specialized in you,Time Bandits,1983
1611,If I fell,Beatles,1964
1612,It's good news week,Hedgehoppers Anonymous,1965
1613,Jesamine,Casuals,1968
1614,Junge komm bald wieder,Freddy,1963
1615,Kung fu fighting,Carl Douglas,1974
1616,Late at night,Maywood,1980
1617,Love hangover,Diana Ross,1976
1618,Lovely lovely,Chubby Checker,1965
1619,Margootje,Wim Sonneveld,1965
1620,Mrs. Vanderbilt,Paul McCartney & Wings,1974
1621,No ordinary love,Sade,1992
1622,Nothing's gonna change my love,Glenn Medeiros,1988
1623,Ob la di ob la da,Marmalade,1968
1624,December 1963 (Oh what a night),Four Seasons,1976
1625,Only one woman,Marbles,1968
1626,Play it cool,Freiheit,1988
1627,Red light,Billy Ocean,1977
1628,Rock ‘n’ me,Steve Miller Band,1976
1629,Runaway boys,Stray Cats,1980
1630,She drives me crazy,Fine Young Cannibals,1989
1631,Simon says,1910 Fruitgum Company,1968
1632,Sleepwalking,Golden Earring,1976
1633,Something in the air,Thunderclap Newman,1969
1634,Star star,Rolling Stones,1973
1635,Sunny girl,Hepstars,1968
1636,The hustle,Van McCoy,1975
1637,Theme from 'Love story',Andy Williams,1971
1638,There goes another love song,Outlaws,1975
1639,These boots are made for walking,Nancy Sinatra,1966
1640,Tired of waiting for you,Kinks,1965
1641,Under the boardwalk,Drifters,1964
1642,Walking back to happiness,Helen Shapiro,1961
1643,What have you done for me lately,Janet Jackson,1986
1644,What is life,George Harrison,1971
1645,Why do fools fall in love,Diana Ross,1981
1646,Windsurfing,Surfers,1978
1647,You were on my mind,Crispian St Peters,1966
1648,Young girl,Gary Puckett & the Union Gap,1968
1649,A legal matter,Who,1966
1650,A message to you Rudy,Specials,1980
1651,(Is this the way to) Amarillo,Tony Christie,1971
1652,Are you ready,Pacific Gas & Electric,1970
1653,Back in love again,LTD,1978
1654,Back street luv',Curved Air,1971
1655,Bamboleo,Gipsy Kings,1988
1656,Barbara Ann,Beach Boys,1966
1657,Bette Davis' eyes,Kim Carnes,1981
1658,Break away,Tracey Ullman,1983
1659,Dedicated to the one I love,Mama's & Papa's,1967
1660,Butterfly,Danyel Gérard,1971
1661,Bridge to your heart,Wax,1987
1662,Dress you up,Madonna,1985
1663,Everlasting love,Love Affair,1968
1664,Fire,Crazy World of Arthur Brown,1968
1665,Groovin',Young Rascals,1967
1666,Ha ha said the clown,Manfred Mann,1967
1667,Holly Holly,Neil Diamond,1969
1668,I can't stand the rain,Eruption,1978
1669,I can't stop loving you,Ray Charles,1962
1670,I feel like I'm fixing to die' rag,Country Joe & The Fish,1970
1671,I'm gonna knock on your door,Eddie Hodges,1961
1672,If I were a carpenter,Four Tops,1968
1673,It's a beautiful day today,Moby Grape,1969
1674,King Midas in reverse,Hollies,1967
1675,Kom uit de bedstee m'n liefste,Egbert Douwe,1968
1676,Lady Marmalade,Labelle,1975
1677,Last dance,Donna Summer,1978
1678,Latin dance,Massada,1978
1679,Let's go to San Francisco,Flowerpot Men,1967
1680,Long haired lover from Liverpool,Little Jimmy Osmond,1973
1681,Love and pride,King,1985
1682,Margie,Fats Domino,1958
1683,Never gonna give you up,Rick Astley,1987
1684,One way ticket,Eruption,1979
1685,Poetry in motion,Johnny Tillotson,1961
1686,Pour un flirt,Michel Delpech,1971
1687,Rawhide,Frankie Laine,1959
1688,Roosje m'n Roosje,Conny Vandenbos,1974
1689,She likes weeds,Tee Set,1970
1690,Silly love songs,Paul McCartney & Wings,1976
1691,Snoopy vs the Red Baron,Royal Guardsmen,1967
1692,Soley soley,Middle of the Road,1971
1693,Stumblin' in,Suzi Quatro & Chris Norman,1978
1694,Sweet freedom,Michael McDonald,1986
1695,The floral dance,Brighouse & Rastrick Brassband,1977
1696,Israelites,Desmond Dekker & the Aces,1969
1697,This wheel's on fire,Julie Driscoll & the Brian Auger Trinity,1968
1698,Try jah love,Third World,1982
1699,Voyage voyage,Desireless,1982
1700,Why don't you take it,Motions,1966
1701,Almaz,Randy Crawford,1986
1702,Bad bad Leroy Brown,Jim Croce,1973
1703,Baretta's theme,Sammy Davis jr.,1976
1704,Closest thing to heaven,Kane Gang,1984
1705,Clouds across the moon,Rah Band,1985
1706,Crunchy Granola Suite,Neil Diamond,1973
1707,Don't let me be misunderstood,Nina Simone,1964
1708,Delta lady,Joe Cocker,1969
1709,Dr. Beat,Gloria Estefan & Miami Sound Machine,1984
1710,Fever,Peggy Lee,1959
1711,Goodbye my love,Searchers,1965
1712,Hang on Sloopy,McCoys        ,1965
1713,Harlem shuffle,Bob & Earl,1963
1714,Helene,Julien Clerc,1987
1715,Here it comes again,Fortunes,1965
1716,I should have known better,Beatles,1964
1717,I won't let the sun go down on me,Nik Kershaw,1984
1718,Dear Mrs. Applebee,David Garrick,1966
1719,I’m a believer,Monkees,1966
1720,I'm a boy,Who,1966
1721,Long long while,Rolling Stones,1966
1722,Love is blue,Paul Mauriat,1968
1723,Memo from Turner,Mick Jagger,1970
1724,Midnight train to Georgia,Gladys Knight & the Pips,1973
1725,Miracles,Anita Garbo,1977
1726,Monkey on your back,Outsiders,1967
1727,I'm a believer,Neil Diamond,1971
1728,"My truly, truly fair",Guy Mitchell,1951
1729,Never ending story,Limahl,1984
1730,Now that we found love,Third world,1979
1731,Oh happy day,Edwin Hawkins Singers,1969
1732,Oh Carol,Neil Sedaka,1960
1733,Out of time,Chris Farlowe,1966
1734,Pappie loop toch niet zo snel,Herman van Keeken,1971
1735,Per lei,Riccardo Cocciante,1995
1736,Pleasant street,Tim Buckley,1967
1737,Radio,Dolly Dots,1979
1738,Rio,Maywood,1981
1739,Sandy,John Travolta,1978
1740,"Shame, shame, shame",Shirley & Company,1975
1741,Singing in the rain,Gene Kelly,1952
1742,Sophietje,Johnny Lion,1965
1743,Soul man,Sam & Dave,1967
1744,Sounds like a melody,Alphaville,1984
1745,Stand back,Stevie Nicks,1983
1746,Stranger in blue suede shoes,Kevin Ayers,1969
1747,The runner,Three Degrees,1979
1748,The twist,Chubby Checker,1962
1749,Ti amo,Umberto Tozzi,1978
1750,Tutti frutti,Little Richard,1957
1751,What the world needs now,Dionne Warwick,1968
1752,Wheels,Jumping Jewels,1961
1753,Who's Johnny,El DeBarge,1986
1754,Wichita Lineman,Glen Campbell,1968
1755,002.345.79 (that's my number),Trinity,1976
1756,Baby come back,Equals,1968
1757,Baby I'm a want you,Bread,1971
1758,Behind a painted smile,Isley Brothers,1969
1759,Callow-la-vita,Raymond Frogatt,1968
1760,Che sara,Jose Feliciano,1971
1761,City to city,Gerry Rafferty,1978
1762,Clap for the Wolfman,Guess Who,1974
1763,Dag zuster Ursula,Rob de Nijs,1973
1764,Dancing in the city,Marshall & Hain,1978
1765,Deep water,Grapefruit,1969
1766,Do it anyway you wanna,People’s Choice,1975
1767,First time,Robin Beck,1988
1768,Flowers in the rain,Move,1967
1769,For America,Red Box,1987
1770,Good morning freedom,Blue Mink,1970
1771,I can do it,Rubettes,1975
1772,I hear you knocking,Dave Edmunds,1970
1773,I was made for dancing,Leif Garrett,1979
1774,I'll be there for you,Solid Harmonie,1997
1775,I'm Henry the Eight I am,Herman's Hermits,1965
1776,I'm so glad that I’m a woman,Love Unlimited,1981
1777,I.G.Y.,Donald Fagen,1982
1778,If you could read my mind,Viola Wills,1981
1779,Ik zie een ster,Mouth & McNeal,1974
1780,Johnny Reggae,Piglets,1971
1781,Just for you,Spargo,1981
1782,Lady of the night,Donna Summer,1974
1783,Many rivers to cross,Joe Cocker,1982
1784,Love's just a broken heart,Cilla Black,1966
1785,Long tall Sally,Beatles,1964
1786,Mecca,Gene Pitney,1963
1787,Mexico,Bob Moore,1961
1788,Money's too tight to mention,Simply Red,1985
1789,Only when you leave,Spandau Ballet,1983
1790,Respectable,Mel & Kim,1987
1791,Romeo,Mr Big,1977
1792,"Ruby, don't take your love to town",Kenny Rogers,1969
1793,Sad sweet dreamer,Sweet Sensation,1974
1794,Seasons in the sun,Terry Jacks,1974
1795,See you later alligator,Bill Haley & The Comets,1956
1796,Smoke gets in your eyes,Platters,1959
1797,Some like it hot,Power Station,1985
1798,Sorry Suzanne,Hollies,1969
1799,Stop in the name of love,Supremes,1965
1800,Sunshine reggae,Laid Back,1983
1801,Sweet  soul music,Arthur Conley,1967
1802,Swinging on a star,Spooky & Sue,1974
1803,Thanks,J Vincent Edwards,1969
1804,The morning after,Maureen McGovern,1973
1805,The night Chicago died,Paper Lace,1974
1806,Tie a yellow ribbon round the ole oak tree,Dawn,1973
1807,"Un, deux, trois",Catherine Ferry,1976
1808,When,Kalin Twins,1958
1809,With a girl like you,Troggs,1966
1810,World without love,Peter & Gordon,1964
1811,"Yester me, yester you, yesterday",Stevie Wonder,1969
1812,Zet een kaars voor je raam,Rob de Nijs,1976
1813,(I don't know why) But I do,Clarence ‘Frogman’ Henry,1961
1814,Abergavenny,Marty Wilde,1968
1815,Aurora,Nova,1982
1816,Axel F,Harold Faltermeyer,1985
1817,Back stabbers,O'Jays,1972
1818,Big love,Fleetwood Mac,1987
1819,Big yellow taxi,Joni Mitchell,1970
1820,Chirpy chirpy cheep cheep,Middle of the Road,1971
1821,Concrete and clay,Unit 4 + 2,1965
1822,Crazy,Patsy Cline,1960
1823,Crockett's theme,Jan Hammer,1987
1824,Crying time,Ray Charles,1966
1825,Dansez maintenant,Dave,1975
1826,De nachtwacht,Boudewijn de Groot,1971
1827,Doctor my eyes,Jackson Browne,1972
1828,Et si tu pars,Art Sullivan & Kiki,1977
1829,Everybody's got to learn sometime,Korgis,1980
1830,Get off,Foxy,1978
1831,Give me the night,George Benson,1980
1832,Harper valley PTA,Jeannie C. Riley,1968
1833,Hello-a,Mouth & McNeal,1972
1834,Hit the road Jack,Stampeders,1976
1835,Hush,Billy Joe Royal,1968
1836,I can't give you anything,Stylistics,1975
1837,I love to love,Tina Charles,1976
1838,Rose garden,Lynn Anderson,1971
1839,It takes two,Marvin Gaye & Kim Weston,1967
1840,Je bent niet hip,Patricia Paay,1967
1841,Johnny remember me,John Leyton,1961
1842,Just the two of us,Grover Washington jr.,1981
1843,Kissin' in the backrow of the movies,Drifters,1974
1844,Lady love,Lou Rawls,1977
1845,Land of 1000 dances,Wilson Pickett,1966
1846,Let's dance,Wally Tax,1977
1847,Lost in France,Bonnie Tyler,1977
1848,Love is in the air,John Paul Young,1977
1849,Love's what I want,Cashmere,1979
1850,Magic,Pilot,1975
1851,Mighty Joe,Shocking Blue,1969
1852,My broken souvenirs,Pussycat,1977
1853,Rain in may,Max Werner,1981
1854,Rain on the roof,Lovin’ Spoonful,1966
1855,Rainbow valley,Love Affair,1968
1856,Red river rock,Johnny & the Hurricanes,1960
1857,Rhythm of the night,DeBarge,1985
1858,Zabadak,Dave Dee Dozy Beaky Mick & Tich,1967
1859,See you when I get there,Lou Rawls,1977
1860,Self control,Laura Branigan,1984
1861,Somewhere over the rainbow,Judy Garland,1939
1862,Strange magic,Electric Light Orchestra,1976
1863,Take to the mountains,Richard Barnes,1970
1864,Tap turns on the water,CCS,1971
1865,Telstar,Tornados,1962
1866,The windmills of your mind,Noel Harrison,1969
1867,They all went to Mexico,Carlos Santana & Willy Nelson,1983
1868,Tossing and turning,Ivy League,1965
1869,Tribute,Pasadenas,1988
1870,Upside down,Diana Ross,1980
1871,Walk don't run,Ventures,1965
1872,We just,Moses,1986
1873,What kind of dance is this,Veronica Unlimited,1977
1874,You can't hurry love,Supremes,1966
1875,You’re the reason why,Rubettes,1976
1876,Roses are red,Bobby Vinton,1962
1877,Bernadette,Four Tops,1967
1878,Darling,Frankie Miller,1978
1879,Don Juan,Dave Dee Dozy Beaky Mick & Tich,1969
1880,Don't take away the music,Tavares,1976
1881,Down on the street,Shakatak,1984
1882,For your eyes only,Sheena Easton,1981
1883,Games people play,Joe South,1969
1884,Goodbye,Mary Hopkin,1969
1885,Green tambourine,Lemon Pipers,1968
1886,Hold on to what you've got,Bill & Buster,1971
1887,How do you do,Mouth & McNeal,1971
1888,I'd like to teach the world to sing,New Seekers,1972
1889,I'm your man,Wham,1985
1890,La malaguena,Los Angeles,1973
1891,Lily was here,Candy Dulfer & David Stewart,1989
1892,Makin' up again,Goldie,1978
1893,Maria Elena,Los Indios Tabajaras,1964
1894,Mellow yellow,Donovan,1966
1895,My favourite waste of time,Owen Paul,1986
1896,Never can say goodbye,Gloria Gaynor,1975
1897,Nothing but a heartache,Flirtations,1968
1898,Olé Guapa,Malando,1948
1899,Pretty flamingo,Manfred Mann,1966
1900,Reet petite,Jackie Wilson,1956
1901,Santa Maria,Roland Kaiser,1980
1902,Save the best for last,Vanessa Williams,1992
1903,Smoke gets in your eyes,Blue Haze,1972
1904,Someone loves you honey,June Lodge & Prince Mohammed,1982
1905,Son of my father,Chicory Tip,1972
1906,Speedy Gonzales,Pat Boone,1962
1907,Standing on the inside,Full House,1976
1908,Sunshine superman,Donovan,1966
1909,The sound of Philadelphia,MFSB,1974
1910,The birds and the bees,Jewel Akens,1965
1911,The entertainer,Marvin Hamlisch,1974
1912,Talking in your sleep,Romantics,1984
1913,This guy's in love with you,Herb Alpert,1968
1914,Will you still love me tomorrow,Shirelles,1960
1915,Yakety Yak,Coasters,1958
1916,(The) Dolphins,Fred Neil,1967
1917,"A little bit me, a little bit you",Monkees,1967
1918,At the hop,Danny & the Juniors,1957
1919,Baby hold on,Eddie Money,1978
1920,Before the next teardrop falls,Freddy Fender,1975
1921,Bitter fruit,Little Steven & the Disciples of Soul,1987
1922,Borriquito,Peret,1971
1923,Cara mia,Jay & the Americans,1965
1924,Carrie Anne,Hollies,1966
1925,Charly,Santabarbara,1973
1926,Come on,Chuck Berry,1961
1927,Crimson and clover,Tommy James & the Shondells,1969
1928,Da doo ron ron,Crystals,1963
1929,Do wah diddy diddy,Manfred Mann,1964
1930,Down to earth,Curiosity killed the Cat,1968
1931,Everybody knows,Dave Clark Five,1965
1932,From New York to LA,Patsy Gallant,1977
1933,Good morning starshine,Oliver,1969
1934,Good times,Chic,1979
1935,Groovy kind of love,Mindbenders,1966
1936,Harmony,Ray Conniff Singers,1976
1937,Heartaches by the number,Guy Mitchell,1960
1938,I can't let Maggie go,Honeybus,1968
1939,I'll be free,Incrowd,1966
1940,I'm telling you now,Freddie & the Dreamers,1963
1941,Just a friend,Sandy Coast,1971
1942,Love’s theme,Love Unlimited Orchestra,1974
1943,My guy,Mary Wells,1964
1944,My old piano,Diana Ross,1980
1945,Nice and slow,Jesse Green,1976
1946,Ode to Billie Joe,Bobbie Gentry,1967
1947,Reach out I'll be there,Gloria Gaynor,1975
1948,So you win again,Hot Chocolate,1977
1949,The walls fell down,Marbles,1969
1950,There's a kind of hush,Herman's Hermits,1967
1951,This 'ole house,Shakin' Stevens,1981
1952,Tonight I celebrate my love,Peabo Bryson & Roberta Flack,1983
1953,Too many broken hearts,Jason Donovan,1989
1954,Where have all the good times gone,Kinks,1965
1955,Wunderbar,Tenpole Tudor,1981
1956,Your baby ain't your baby,Paul Da Vinci,1974
1957,Amor de mis amores,Paco,1989
1958,Black and white,Greyhound,1971
1959,Body talk,Imagination,1981
1960,Dance across the floor,Jimmy ‘Bo’ Horne,1978
1961,Dreams are ten a penny,Kincade,1973
1962,Fire brigade,Move,1968
1963,Gypsies tramps and thieves,Cher,1971
1964,He's so fine,Chiffons,1963
1965,Help (get me some help),Tony Ronald,1971
1966,Hold tight,Dave Dee Dozy Beaky Mick & Tich,1966
1967,I remember you,Frank Ifield,1962
1968,I'm gonna make you mine,Lou Christie,1969
1969,Ik ben ik,Boudewijn de Groot,1974
1970,Knock on wood,Eddy Floyd,1966
1971,Let's hear it for the boy,Deniece Williams,1984
1972,Listen to the man with the golden voice,Time Bandits,1983
1973,Loop de loop,Bobby Rydell,1963
1974,Norma Jean wants to be a movie star,Cunningham,1975
1975,Puppet on a string,Sandy Shaw,1967
1976,Rock the boat,Hues Corporation,1974
1977,A must to avoid,Herman's Hermits,1965
1978,Someone out there,Flirtations,1968
1979,Stranger on the shore,Mr Acker Bilk,1962
1980,Those lazy hazy crazy days of summer,Nat King Cole,1963
1981,Baby come to me,James Ingram & Patty Austin,1983
1982,Baby now that I've found you,Foundations,1967
1983,I've been a bad bad boy,Paul Jones,1967
1984,Banapple gas,Cat Stevens,1976
1985,Bits and pieces,Dave Clark Five,1964
1986,Bittersweet Samba,Herb Alpert & The Tijuana Brass,1966
1987,Border song,Elton John,1970
1988,Breaking up is hard to do,Neil Sedaka,1962
1989,Can't stop runnin',Space Monkey,1983
1990,I can hear the grass grow,Move,1967
1991,I will follow him,Little Peggy March,1963
1992,I'm a gambler,Lace,1969
1993,Miss you like crazy,Nathalie Cole,1989
1994,Singing in the rain,Sheila & Black Devotion,1977
1995,The ballad of Bonny & Clyde,Georgie Fame,1968
1996,Up on the roof,Drifters,1962
1997,When you walk in the room,Jacky DeShannon,1966
1998,Ya-ya,Joey Dee & the Starlighters,1962
1999,Higher love,Steve Winwood,1986
2000,Bright side of the road,Van Morrison,1979
